<?xml version="1.0" encoding="utf-8"?>
<TextureAtlas imagePath="virtualpad.png">
	<SubTexture name="left" x="0" y="0" width="396" height="127" frameX="0" frameY="0" frameWidth="396" frameHeight="127"/>
	<SubTexture name="down" x="396" y="0" width="396" height="127" frameX="0" frameY="0" frameWidth="396" frameHeight="127"/>
	<SubTexture name="up" x="792" y="0" width="396" height="127" frameX="0" frameY="0" frameWidth="396" frameHeight="127"/>
	<SubTexture name="right" x="1188" y="0" width="396" height="127" frameX="0" frameY="0" frameWidth="396" frameHeight="127"/>
	<SubTexture name="a" x="0" y="127" width="396" height="127" frameX="0" frameY="0" frameWidth="396" frameHeight="127"/>
	<SubTexture name="b" x="396" y="127" width="396" height="127" frameX="0" frameY="0" frameWidth="396" frameHeight="127"/>
	<SubTexture name="c" x="792" y="127" width="396" height="127" frameX="0" frameY="0" frameWidth="396" frameHeight="127"/>
	<SubTexture name="d" x="1188" y="127" width="396" height="127" frameX="0" frameY="0" frameWidth="396" frameHeight="127"/>
	<SubTexture name="e" x="0" y="254" width="396" height="127" frameX="0" frameY="0" frameWidth="396" frameHeight="127"/>
	<SubTexture name="f" x="396" y="254" width="396" height="127" frameX="0" frameY="0" frameWidth="396" frameHeight="127"/>
	<SubTexture name="g" x="792" y="254" width="396" height="127" frameX="0" frameY="0" frameWidth="396" frameHeight="127"/>
	<SubTexture name="s" x="1188" y="254" width="396" height="127" frameX="0" frameY="0" frameWidth="396" frameHeight="127"/>
	<SubTexture name="v" x="0" y="381" width="396" height="127" frameX="0" frameY="0" frameWidth="396" frameHeight="127"/>
	<SubTexture name="x" x="396" y="381" width="396" height="127" frameX="0" frameY="0" frameWidth="396" frameHeight="127"/>
	<SubTexture name="y" x="792" y="381" width="396" height="127" frameX="0" frameY="0" frameWidth="396" frameHeight="127"/>
	<SubTexture name="z" x="1188" y="381" width="396" height="127" frameX="0" frameY="0" frameWidth="396" frameHeight="127"/>
</TextureAtlas>